Tool/data	Schoonenberg2018	Bertomeu2018	Evers2016 RT112	Evers2016 UMUC3	Sanjana2014 GeCKOv2
DeepHF	0.103283253058126	0.172942528479831	0.266906863628175	0.277883535732177	0.473700587962784
CRISPRO	0.163081567802533	0.147725176064089	0.240390537821319	0.254812931061284	0.106334688630711
Doench score	0.0148079292299733	0.143324190971704	0.177725704909635	0.206006979377785	0.441708446105007
NEW METHOD	0.152799736199415	0.278725878697038	0.43928602275784	0.440767182514319	0.400396120953691
