Tool/data	Chari2015 293T	Doench2014	Doench2016	Doench2016plx	Hart2016 Hct1162 lib1	Hart2016 Hila lib1	Hart2016 Hila lib2	Hart2016 Rpe1	Xu2015 Hl60	Xu2015 Kbm7
Chari score	0.4532715	0.273622613	0.24633653	0.19231286	0.215425021	0.188426429	0.193352769	0.154794755	0.333139689	0.346668764
crisprScan	0.116462131	0.009869454	0.143735133	0.031829662	0.169323632	0.149356399	0.189360507	0.082455359	0.207421488	0.208501332
Fusi score	0.37883909	0.658354915	0.540933317	0.552398822	0.390342673	0.346471978	0.370617327	0.284560175	0.488312791	0.51467202
Wang score	0.298143859	0.35056	0.025433354	0.065668434	0.302219959	0.272474069	0.301102299	0.207030376	0.556794757	0.568528646
wuCRISPR	0.307568801	0.307261978	0.265900551	0.214332873	0.314614523	0.313908968	0.366718223	0.233911254	0.257284372	0.271263652
DeepHF	0.431828339	0.597104161	0.400962022	0.343551719	0.42742572	0.390043941	0.423189045	0.272464405	0.653825522	0.699193932
CRISPRO	0.023880169	0.219434355	0.250696689	0.252929673	0.148763965	0.139534614	0.137861294	0.176216534	0.068778538	0.084182392
Doench score	0.333991146	0.584420153	0.472370251	0.493516713	0.335839541	0.304340869	0.329915459	0.247601564	0.444266303	0.465549748
NEW METHOD	0.309566621	0.555122803	0.385182541	0.459859724	0.438130264	0.392387074	0.406720633	0.361994033	0.493985214	0.568848863